Bin,Valor,fitness
000001,-0.9682539682539683,0.9375157470395565
111100,0.9047619047619047,0.8185941043083899
001110,-0.5555555555555556,0.308641975308642
001111,-0.5238095238095238,0.2743764172335601
010000,-0.4920634920634921,0.24212648022171834
010100,-0.3650793650793651,0.13328294280675235
010100,-0.3650793650793651,0.13328294280675235
100101,0.17460317460317443,0.030486268581506614
100100,0.1428571428571428,0.020408163265306103
011100,-0.11111111111111116,0.01234567901234569
